"Time","V(out)","V(in)","I(R1)"
0,0,0,0
1e-05,0,0,0
0.001,0,5,0.005
0.00101,0.049751,5,0.004950249
0.002,3.160603,5,0.001839397
